{
  "project_info": {
    "project_number": "53188129244",
    "project_id": "reaya-b2c0f",
    "storage_bucket": "reaya-b2c0f.appspot.com"
  },
  "client": [
    {
      "client_info": {
        "mobilesdk_app_id": "1:53188129244:android:a253a5a60a16770afbdf19",
        "android_client_info": {
          "package_name": "com.example.reaya_project"
        }
      },
      "oauth_client": [
        {
          "client_id": "53188129244-ig71egvsve5n66ip2jif5l3uder3hjma.apps.googleusercontent.com",
          "client_type": 3
        }
      ],
      "api_key": [
        {
          "current_key": "AIzaSyAxPDxdJofOOoIKE8ximcsARDDfRTPl9SE"
        }
      ],
      "services": {
        "appinvite_service": {
          "other_platform_oauth_client": [
            {
              "client_id": "53188129244-ig71egvsve5n66ip2jif5l3uder3hjma.apps.googleusercontent.com",
              "client_type": 3
            }
          ]
        }
      }
    }
  ],
  "configuration_version": "1"
}